field1,field2,field3,field4,field5,field6,field7,field8,field9,field10,field11,field12
KEY,en,notes,sp,fr,de,it,pt-br,ru,ko,ja,zh-cn
AUTO_FURNITURE_NAME,Auto Furniture,Short mod name,Muebles auto.,Mobilier auto,Auto-Möbel,Arredo auto,Mobília auto.,Автомебель,가구 자동 배치,家具の自動配置,自动布置家具
AUTO_FURNITURE_TITLE,%1: %2,Mod name and room name,%1: %2,%1 : %2,%1: %2,%1: %2,%1: %2,%1: %2,%1: %2,%1：%2,%1：%2
AUTO_FURNITURE_STAT,Stat,Column header,Atributo,Stat.,Wert,Stat.,Atributo,Параметр,능력치,項目,属性
AUTO_FURNITURE_MIN,Min,Optional minimum,Mín,Min,Min,Min,Mín,Мин,최소,下限,最小
AUTO_FURNITURE_MAX,Max,Optional maximum,Máx,Max,Max,Max,Máx,Макс,최대,上限,最大
AUTO_FURNITURE_BEFORE,Before,Current stat total,Antes,Avant,Vorher,Prima,Antes,Было,현재,変更前,当前
AUTO_FURNITURE_BEST,Best found,Best calculated stat total,Mejor,Meilleur,Bestwert,Migliore,Melhor,Лучшее,최선,最良結果,最佳结果
AUTO_FURNITURE_COMFORT,Comfort,Game room stat,Comodidad,Bien-être,Komfort,Comfort,Conforto,Комфорт,편안함,快適さ,舒适
AUTO_FURNITURE_STIMULATION,Stimulation,Game room stat,Estimulación,Stimulation,Stimulation,Stimolazione,Estimulação,Стимуляция,자극,刺激,刺激
AUTO_FURNITURE_HEALTH,Health,Game room stat,Salud,Santé,Gesundheit,Salute,Saúde,Здоровье,건강,衛生,卫生
AUTO_FURNITURE_MUTATION,Mutation,Game room stat,Mutación,Mutation,Mutation,Mutazione,Mutação,Мутация,변이,変異,突变
AUTO_FURNITURE_APPEAL,Appeal,Game room stat; Russian abbreviated to fit,Atractivo,Attractivité,Reiz,Attrattiva,Apelo,Привлек.,평판,魅力,吸引力
AUTO_FURNITURE_UTILITY,Include utility furniture,Include items such as food storage,Incluir muebles utilitarios,Inclure les meubles utilitaires,Nutzmöbel einbeziehen,Includi mobili funzionali,Incluir móveis utilitários,Учитывать служебную мебель,기능성 가구 포함,実用家具を含める,包含功能性家具
AUTO_FURNITURE_CLEAR,Clear,Reset controls,Reiniciar,Effacer,Leeren,Azzera,Limpar,Сбросить,초기화,リセット,重置
AUTO_FURNITURE_CALCULATE,Calculate,Search without moving furniture,Calcular,Calculer,Berechnen,Calcola,Calcular,Расчёт,계산,計算,计算
AUTO_FURNITURE_APPLY,Apply,Apply calculated layout,Aplicar,Appliquer,Anwenden,Applica,Aplicar,Применить,적용,適用,应用
AUTO_FURNITURE_UNDO,Undo,Restore previous layout,Deshacer,Annuler,Rückgängig,Annulla,Desfazer,Отменить,실행 취소,元に戻す,撤销
AUTO_FURNITURE_PINS,Pins,Open pinned furniture list,Fijar,Fixer,Fixieren,Blocca,Fixar,Фиксация,고정,固定,固定
AUTO_FURNITURE_CHANGE,Change:,Stat difference,Cambio:,Écart :,Änd.:,Variaz.:,Var.:,Изм.:,변화:,増減：,变化：
AUTO_FURNITURE_RETURN_ROOM,Return room,Return furniture to inventory,Vaciar habitación,Vider la pièce,Raum leeren,Svuota stanza,Esvaziar cômodo,Убрать из комнаты,방 비우기,この部屋を空に,清空此房间
AUTO_FURNITURE_RETURN_ALL,Return all rooms,Return furniture to inventory,Vaciar todas,Vider toutes les pièces,Alle Räume leeren,Svuota tutte,Esvaziar todos,Убрать из всех комнат,모든 방 비우기,全ての部屋を空に,清空所有房间
AUTO_FURNITURE_PINNED,Pinned furniture,Items kept in place,Muebles fijados,Meubles fixes,Fixierte Möbel,Mobili bloccati,Móveis fixados,Закреплённая мебель,고정된 가구,固定する家具,固定家具
AUTO_FURNITURE_DONE,Done,Close pins,Listo,Terminé,Fertig,Fatto,Pronto,Готово,완료,完了,完成
AUTO_FURNITURE_PAGE,Page %1 of %2,Current and total page,Página %1 de %2,Page %1 sur %2,Seite %1 von %2,Pagina %1 di %2,Página %1 de %2,Страница %1 из %2,%1 / %2 페이지,%1 / %2 ページ,第 %1 页 / 共 %2 页
AUTO_FURNITURE_EMPTY,No furniture in this room.,Pins list empty,No hay muebles en esta habitación.,Aucun meuble dans cette pièce.,Keine Möbel in diesem Raum.,Nessun mobile in questa stanza.,Não há móveis neste cômodo.,В этой комнате нет мебели.,이 방에 가구가 없습니다.,この部屋に家具はありません。,此房间没有家具。
AUTO_FURNITURE_RARE,rare,Item rarity suffix,raro,rare,selten,raro,raro,редк.,희귀,レア,稀有
AUTO_FURNITURE_FLOOR_LEFT,Floor %1 Left,Room name,Piso %1 izquierda,Étage %1 gauche,Etage %1 links,Piano %1 sinistra,Andar %1 esquerda,Этаж %1 слева,%1층 왼쪽,%1階 左,%1 楼左侧
AUTO_FURNITURE_FLOOR_RIGHT,Floor %1 Right,Room name,Piso %1 derecha,Étage %1 droite,Etage %1 rechts,Piano %1 destra,Andar %1 direita,Этаж %1 справа,%1층 오른쪽,%1階 右,%1 楼右侧
AUTO_FURNITURE_ATTIC,Attic,Room name,Ático,Grenier,Dachboden,Soffitta,Sótão,Чердак,다락방,屋根裏,阁楼
AUTO_FURNITURE_BASEMENT,Basement %1,Room name,Sótano %1,Sous-sol %1,Keller %1,Seminterrato %1,Subsolo %1,Подвал %1,지하 %1층,地下%1階,地下 %1 层
AUTO_FURNITURE_READY,Ready.,Idle,Listo.,Prêt.,Bereit.,Pronto.,Pronto.,Готово.,준비 완료.,準備完了。,就绪。
AUTO_FURNITURE_UNDO_DONE,Previous layout restored.,Undo success,Distribución anterior restaurada.,Disposition précédente rétablie.,Vorherige Anordnung wiederhergestellt.,Disposizione precedente ripristinata.,Disposição anterior restaurada.,Прежняя расстановка восстановлена.,이전 배치를 복원했습니다.,以前の配置に戻しました。,已恢复原来的布局。
AUTO_FURNITURE_BOUNDS,"Min and Max must be zero or higher, or blank.",Invalid bounds,Los límites deben ser positivos o cero. También pueden dejarse vacíos.,Les limites doivent être positives ou nulles. Elles peuvent rester vides.,Min und Max müssen mindestens null oder leer sein.,Min e Max devono essere almeno zero oppure vuoti.,Mín e Máx devem ser zero ou maiores ou ficar em branco.,Мин и Макс должны быть не меньше нуля или пустыми.,최소와 최대는 0 이상이거나 빈칸이어야 합니다.,下限と上限は0以上の数値か空欄にしてください。,最小值和最大值须为非负数，也可留空。
AUTO_FURNITURE_SELECT,Select at least one stat.,No selected stats,Selecciona al menos un atributo.,Sélectionnez au moins une stat.,Wähle mindestens einen Wert.,Seleziona almeno una statistica.,Selecione pelo menos um atributo.,Выберите хотя бы один параметр.,능력치를 하나 이상 선택하세요.,項目を1つ以上選んでください。,请至少选择一项属性。
AUTO_FURNITURE_NO_LAYOUT,No layout found within Max. Raise a limit or unpin furniture.,No feasible result,No se halló una distribución dentro del máximo. Sube el límite o libera muebles.,Aucune disposition sous le maximum. Augmentez la limite ou libérez des meubles.,Keine Anordnung unter Max gefunden. Erhöhe das Limit oder löse fixierte Möbel.,Nessuna disposizione entro Max. Alza un limite o sblocca dei mobili.,Nenhuma disposição dentro de Máx. Aumente o limite ou desafixe móveis.,Нет расстановки в пределах Макс. Повысьте предел или открепите мебель.,최대값 내 배치를 찾지 못했습니다. 한도를 높이거나 가구 고정을 해제하세요.,上限内の配置が見つかりません。上限を上げるか家具の固定を解除してください。,未找到符合最大值限制的布局。请提高上限或取消固定家具。
AUTO_FURNITURE_MIN_UNMET,Calculation complete. Some Min targets are still unmet.,Best effort result,Cálculo completo. No se alcanzaron algunos mínimos.,Calcul terminé. Certains minimums ne sont pas atteints.,Berechnung fertig. Einige Min-Ziele sind nicht erreicht.,Calcolo completato. Alcuni minimi non sono stati raggiunti.,Cálculo concluído. Alguns mínimos não foram atingidos.,Расчёт завершён. Не все минимумы достигнуты.,계산 완료. 일부 최소 목표를 달성하지 못했습니다.,計算完了。一部の下限目標は未達成です。,计算完成。部分最低目标尚未达到。
AUTO_FURNITURE_COMPLETE,Calculation complete.,Result ready,Cálculo completo.,Calcul terminé.,Berechnung fertig.,Calcolo completato.,Cálculo concluído.,Расчёт завершён.,계산 완료.,計算完了。,计算完成。
AUTO_FURNITURE_SEARCHING,Searching...,Calculation running,Buscando...,Recherche...,Suche läuft...,Ricerca...,Buscando...,Поиск...,탐색 중...,探索中...,搜索中……
AUTO_FURNITURE_READ_ROOM,Cannot read the room. Finish moving furniture and try again.,Read failure,No se puede leer la habitación. Termina de mover los muebles y reintenta.,Lecture de la pièce impossible. Finissez de déplacer les meubles puis réessayez.,Raum nicht lesbar. Beende das Verschieben der Möbel und versuche es erneut.,Impossibile leggere la stanza. Finisci di spostare i mobili e riprova.,Não foi possível ler o cômodo. Termine de mover os móveis e tente de novo.,Не удалось прочитать комнату. Завершите перемещение мебели и повторите.,방을 읽을 수 없습니다. 가구 이동을 마친 후 다시 시도하세요.,部屋を読み取れません。家具の移動を終えて再試行してください。,无法读取房间。请完成家具移动后重试。
AUTO_FURNITURE_NO_ROOM,Room not found. Close this panel and reopen it.,Missing room,No se encontró la habitación. Cierra este panel y vuelve a abrirlo.,Pièce introuvable. Fermez ce panneau puis rouvrez-le.,Raum nicht gefunden. Schließe dieses Fenster und öffne es erneut.,Stanza non trovata. Chiudi e riapri questo pannello.,Cômodo não encontrado. Feche este painel e abra de novo.,Комната не найдена. Закройте и снова откройте эту панель.,방을 찾을 수 없습니다. 이 창을 닫았다 다시 여세요.,部屋が見つかりません。この画面を開き直してください。,未找到房间。请关闭此面板后重新打开。
AUTO_FURNITURE_READ_LAYOUT,Cannot read the room layout.,Read failure,No se puede leer la distribución.,Lecture de la disposition impossible.,Raumanordnung nicht lesbar.,Impossibile leggere la disposizione.,Não foi possível ler a disposição.,Не удалось прочитать расстановку.,방 배치를 읽을 수 없습니다.,部屋の配置を読み取れません。,无法读取房间布局。
AUTO_FURNITURE_SHAPES,Cannot load furniture shapes.,Read failure,No se pueden cargar las formas de los muebles.,Chargement des formes des meubles impossible.,Möbelformen können nicht geladen werden.,Impossibile caricare le forme dei mobili.,Não foi possível carregar as formas dos móveis.,Не удалось загрузить формы мебели.,가구 형태를 불러올 수 없습니다.,家具の形状を読み込めません。,无法加载家具形状。
AUTO_FURNITURE_UNSUPPORTED,This room or inventory contains unsupported furniture.,Unsupported item,Hay muebles no compatibles en esta habitación o inventario.,Cette pièce ou l'inventaire contient des meubles non pris en charge.,Raum oder Inventar enthält nicht unterstützte Möbel.,La stanza o l'inventario contiene mobili non supportati.,O cômodo ou inventário contém móveis não compatíveis.,В комнате или инвентаре есть неподдерживаемая мебель.,방이나 보관함에 지원하지 않는 가구가 있습니다.,部屋または所持品に非対応の家具があります。,此房间或库存中有不支持的家具。
AUTO_FURNITURE_MISSING_ITEM,A placed item could not be found. Reopen the room and try again.,Missing placed item,No se encontró un mueble colocado. Vuelve a abrir la habitación y reintenta.,Un meuble placé est introuvable. Rouvrez la pièce et réessayez.,Ein platziertes Möbelstück fehlt. Öffne den Raum erneut und versuche es noch mal.,Un mobile posizionato non è stato trovato. Riapri la stanza e riprova.,Um móvel colocado não foi encontrado. Reabra o cômodo e tente de novo.,Не найден размещённый предмет. Откройте комнату заново и повторите.,배치된 가구를 찾을 수 없습니다. 방을 다시 열고 시도하세요.,配置済みの家具が見つかりません。部屋を開き直して再試行してください。,找不到已摆放的家具。请重新打开房间后重试。
AUTO_FURNITURE_POSITIONS_REOPEN,Furniture positions do not match the room. Reopen it and try again.,Position mismatch,Las posiciones no coinciden con la habitación. Vuelve a abrirla y reintenta.,Les positions ne correspondent pas à la pièce. Rouvrez-la et réessayez.,Möbelpositionen passen nicht zum Raum. Öffne ihn erneut und versuche es noch mal.,Le posizioni non corrispondono alla stanza. Riaprila e riprova.,As posições não correspondem ao cômodo. Reabra e tente de novo.,Позиции мебели не совпадают с комнатой. Откройте её заново и повторите.,가구 위치가 방과 일치하지 않습니다. 방을 다시 열고 시도하세요.,家具の位置が部屋と一致しません。部屋を開き直して再試行してください。,家具位置与房间不匹配。请重新打开房间后重试。
AUTO_FURNITURE_ROTATION,A placed item has an unsupported rotation or scale.,Unsupported transform,Un mueble tiene una rotación o escala no compatible.,Un meuble a une rotation ou une échelle non prise en charge.,Ein Möbelstück hat eine nicht unterstützte Drehung oder Größe.,Un mobile ha una rotazione o scala non supportata.,Um móvel tem rotação ou escala não compatível.,У предмета неподдерживаемый поворот или масштаб.,배치된 가구의 회전 또는 크기가 지원되지 않습니다.,配置済み家具の回転または拡大率が非対応です。,已摆放家具的旋转角度或缩放比例不受支持。
AUTO_FURNITURE_FIXED_OUTSIDE,A fixed item extends outside the room.,Pinned item outside,Un mueble fijo sobresale de la habitación.,Un meuble fixe dépasse de la pièce.,Ein fixiertes Möbelstück ragt aus dem Raum.,Un mobile bloccato sporge dalla stanza.,Um móvel fixado ultrapassa o cômodo.,Закреплённый предмет выходит за пределы комнаты.,고정된 가구가 방 밖으로 벗어났습니다.,固定された家具が部屋の外にはみ出しています。,固定家具超出了房间边界。
AUTO_FURNITURE_READ_STATS,Cannot read the room's stats.,Read failure,No se pueden leer los atributos de la habitación.,Lecture des stats de la pièce impossible.,Raumwerte nicht lesbar.,Impossibile leggere le statistiche della stanza.,Não foi possível ler os atributos do cômodo.,Не удалось прочитать параметры комнаты.,방 능력치를 읽을 수 없습니다.,部屋の数値を読み取れません。,无法读取房间属性。
AUTO_FURNITURE_VERIFY_LAYOUT,Cannot verify the current layout. Furniture has not been moved.,Safety refusal,No se puede verificar la distribución. No se han movido muebles.,Vérification de la disposition impossible. Aucun meuble déplacé.,Anordnung nicht überprüfbar. Möbel wurden nicht bewegt.,Impossibile verificare la disposizione. Nessun mobile è stato spostato.,Não foi possível verificar a disposição. Nenhum móvel foi movido.,Не удалось проверить расстановку. Мебель не перемещена.,현재 배치를 확인할 수 없습니다. 가구를 이동하지 않았습니다.,現在の配置を確認できません。家具は移動していません。,无法验证当前布局。未移动任何家具。
AUTO_FURNITURE_POSITIONS_UNCHANGED,Furniture positions do not match the room. Nothing has been moved.,Safety refusal,Las posiciones no coinciden con la habitación. No se ha movido nada.,Les positions ne correspondent pas à la pièce. Rien n'a été déplacé.,Möbelpositionen passen nicht zum Raum. Nichts wurde bewegt.,Le posizioni non corrispondono alla stanza. Nulla è stato spostato.,As posições não correspondem ao cômodo. Nada foi movido.,Позиции мебели не совпадают с комнатой. Ничего не перемещено.,가구 위치가 방과 일치하지 않습니다. 아무것도 이동하지 않았습니다.,家具の位置が部屋と一致しません。何も移動していません。,家具位置与房间不匹配。未移动任何物品。
AUTO_FURNITURE_SEARCH_LAYOUT,Cannot search this layout. Furniture has not been moved.,Safety refusal,No se puede calcular esta distribución. No se han movido muebles.,Calcul impossible pour cette disposition. Aucun meuble déplacé.,Diese Anordnung ist nicht berechenbar. Möbel wurden nicht bewegt.,Impossibile calcolare questa disposizione. Nessun mobile è stato spostato.,Não foi possível calcular esta disposição. Nenhum móvel foi movido.,Не удалось рассчитать расстановку. Мебель не перемещена.,이 배치를 계산할 수 없습니다. 가구를 이동하지 않았습니다.,この配置は計算できません。家具は移動していません。,无法计算此布局。未移动任何家具。
AUTO_FURNITURE_START_SEARCH,Search could not start.,Worker failure,No se pudo iniciar la búsqueda.,Impossible de lancer la recherche.,Suche konnte nicht starten.,Impossibile avviare la ricerca.,Não foi possível iniciar a busca.,Не удалось начать поиск.,탐색을 시작할 수 없습니다.,探索を開始できません。,无法开始搜索。
AUTO_FURNITURE_EXPIRED,Result expired. Calculate again before applying.,Stale result,Resultado caducado. Calcula de nuevo antes de aplicar.,Résultat périmé. Recalculez avant d'appliquer.,Ergebnis veraltet. Vor dem Anwenden neu berechnen.,Risultato scaduto. Ricalcola prima di applicare.,Resultado expirado. Calcule de novo antes de aplicar.,Результат устарел. Повторите расчёт перед применением.,결과가 만료되었습니다. 적용 전에 다시 계산하세요.,結果が古くなりました。適用前に再計算してください。,结果已失效。请重新计算后再应用。
AUTO_FURNITURE_CAPS,This layout exceeds Max and cannot be applied.,Maximum exceeded,Esta distribución supera el máximo y no se puede aplicar.,Cette disposition dépasse le maximum et ne peut pas être appliquée.,Diese Anordnung überschreitet Max und kann nicht angewendet werden.,La disposizione supera Max e non può essere applicata.,Esta disposição excede Máx e não pode ser aplicada.,Расстановка превышает Макс. Применение невозможно.,최대값을 초과한 배치는 적용할 수 없습니다.,上限を超えているため適用できません。,此布局超过最大值限制，无法应用。
AUTO_FURNITURE_UPSIDE_DOWN,Cannot apply a layout with upside-down furniture.,Unsupported vertical flip,No se puede aplicar una distribución con muebles invertidos.,Impossible d'appliquer une disposition avec des meubles à l'envers.,Eine Anordnung mit Möbeln auf dem Kopf kann nicht angewendet werden.,Impossibile applicare una disposizione con mobili capovolti.,Não é possível aplicar uma disposição com móveis de cabeça para baixo.,Нельзя применить расстановку с перевёрнутой мебелью.,가구가 거꾸로 된 배치는 적용할 수 없습니다.,上下逆さまの家具を含む配置は適用できません。,无法应用包含上下颠倒家具的布局。
AUTO_FURNITURE_STATS_CHANGED,Room stats changed. Calculate again.,Stale result,Los atributos cambiaron. Calcula de nuevo.,Les stats ont changé. Recalculez.,Raumwerte geändert. Erneut berechnen.,Statistiche cambiate. Ricalcola.,Os atributos mudaram. Calcule de novo.,Параметры комнаты изменились. Повторите расчёт.,방 능력치가 변경되었습니다. 다시 계산하세요.,部屋の数値が変わりました。再計算してください。,房间属性已改变。请重新计算。
AUTO_FURNITURE_INVENTORY_CHANGED,Inventory changed. Calculate again.,Stale result,El inventario cambió. Calcula de nuevo.,L'inventaire a changé. Recalculez.,Inventar geändert. Erneut berechnen.,Inventario cambiato. Ricalcola.,O inventário mudou. Calcule de novo.,Инвентарь изменился. Повторите расчёт.,보관함이 변경되었습니다. 다시 계산하세요.,所持品が変わりました。再計算してください。,库存已改变。请重新计算。
AUTO_FURNITURE_FURNITURE_CHANGED,Furniture changed. Calculate again.,Stale result,Los muebles cambiaron. Calcula de nuevo.,Les meubles ont changé. Recalculez.,Möbel geändert. Erneut berechnen.,Mobili cambiati. Ricalcola.,Os móveis mudaram. Calcule de novo.,Мебель изменилась. Повторите расчёт.,가구가 변경되었습니다. 다시 계산하세요.,家具が変わりました。再計算してください。,家具已改变。请重新计算。
AUTO_FURNITURE_BUSY_CALCULATE,"The room changed or is busy. Finish moving furniture, then calculate again.",Busy room,La habitación cambió o está ocupada. Termina de mover los muebles y recalcula.,La pièce a changé ou est occupée. Finissez de déplacer les meubles puis recalculez.,Raum geändert oder belegt. Beende das Verschieben und berechne erneut.,La stanza è cambiata o occupata. Finisci di spostare i mobili e ricalcola.,O cômodo mudou ou está ocupado. Termine de mover os móveis e recalcule.,Комната изменилась или занята. Завершите перемещение мебели и повторите расчёт.,방이 변경되었거나 사용 중입니다. 가구 이동을 마친 후 다시 계산하세요.,部屋が変わったか操作中です。家具の移動を終えて再計算してください。,房间已改变或正在操作中。请完成家具移动后重新计算。
AUTO_FURNITURE_RESTORED,Placement differed from the calculated layout. Original layout restored.,Rollback succeeded,La colocación no coincidió con el cálculo. Se restauró la distribución original.,Placement différent du calcul. La disposition d'origine a été rétablie.,Platzierung wich vom Ergebnis ab. Ursprüngliche Anordnung wiederhergestellt.,La disposizione non coincideva col calcolo. Disposizione originale ripristinata.,A colocação diferiu do cálculo. Disposição original restaurada.,Размещение не совпало с расчётом. Исходная расстановка восстановлена.,실제 배치가 계산과 달랐습니다. 원래 배치를 복원했습니다.,計算結果と配置が異なったため元の配置に戻しました。,实际摆放与计算布局不符。已恢复原来的布局。
AUTO_FURNITURE_APPLIED,Layout applied.,Apply success,Distribución aplicada.,Disposition appliquée.,Anordnung angewendet.,Disposizione applicata.,Disposição aplicada.,Расстановка применена.,배치를 적용했습니다.,配置を適用しました。,已应用布局。
AUTO_FURNITURE_CHANGED_TRY,Furniture changed. Try again.,State changed,Los muebles cambiaron. Reintenta.,Les meubles ont changé. Réessayez.,Möbel geändert. Versuche es erneut.,Mobili cambiati. Riprova.,Os móveis mudaram. Tente de novo.,Мебель изменилась. Повторите попытку.,가구가 변경되었습니다. 다시 시도하세요.,家具が変わりました。再試行してください。,家具已改变。请重试。
AUTO_FURNITURE_CHANGE_FAILED,Change failed. Original layout restored.,Rollback succeeded,El cambio falló. Se restauró la distribución original.,Échec de la modification. Disposition d'origine rétablie.,Änderung fehlgeschlagen. Ursprüngliche Anordnung wiederhergestellt.,Modifica fallita. Disposizione originale ripristinata.,A alteração falhou. Disposição original restaurada.,Изменение не удалось. Исходная расстановка восстановлена.,변경에 실패했습니다. 원래 배치를 복원했습니다.,変更に失敗したため元の配置に戻しました。,修改失败。已恢复原来的布局。
AUTO_FURNITURE_RESTORE_FAILED,Could not restore the layout. Stop editing and check your save backup.,Safety warning,No se pudo restaurar la distribución. Deja de editar y revisa la copia de tu partida.,Restauration impossible. Arrêtez les modifications et vérifiez la copie de votre sauvegarde.,Wiederherstellung fehlgeschlagen. Beende die Bearbeitung und prüfe dein Spielstand-Backup.,Ripristino fallito. Smetti di modificare e controlla il backup del salvataggio.,Falha ao restaurar. Pare de editar e confira o backup do jogo salvo.,Не удалось восстановить расстановку. Прекратите изменения и проверьте резервную копию сохранения.,배치를 복원하지 못했습니다. 편집을 중단하고 저장 파일 백업을 확인하세요.,配置を復元できませんでした。編集を中止しセーブデータのバックアップを確認してください。,无法恢复布局。请停止编辑并检查存档备份。
AUTO_FURNITURE_VERIFY_FAILED,Could not verify the change. Stop editing and check your save backup.,Safety warning,No se pudo verificar el cambio. Deja de editar y revisa la copia de tu partida.,Modification non vérifiable. Arrêtez les modifications et vérifiez la copie de votre sauvegarde.,Änderung nicht überprüfbar. Beende die Bearbeitung und prüfe dein Spielstand-Backup.,Verifica della modifica fallita. Smetti di modificare e controlla il backup del salvataggio.,Falha ao verificar a alteração. Pare de editar e confira o backup do jogo salvo.,Не удалось проверить изменение. Прекратите изменения и проверьте резервную копию сохранения.,변경을 확인하지 못했습니다. 편집을 중단하고 저장 파일 백업을 확인하세요.,変更を確認できませんでした。編集を中止しセーブデータのバックアップを確認してください。,无法验证修改结果。请停止编辑并检查存档备份。
AUTO_FURNITURE_READ_INVENTORY,Cannot read the furniture inventory. Try again.,Read failure,No se puede leer el inventario de muebles. Reintenta.,Lecture de l'inventaire impossible. Réessayez.,Möbelinventar nicht lesbar. Versuche es erneut.,Impossibile leggere l'inventario dei mobili. Riprova.,Não foi possível ler o inventário de móveis. Tente de novo.,Не удалось прочитать инвентарь мебели. Повторите попытку.,가구 보관함을 읽을 수 없습니다. 다시 시도하세요.,家具の所持品を読み取れません。再試行してください。,无法读取家具库存。请重试。
AUTO_FURNITURE_NOTHING_RETURN,Nothing to return.,Empty return selection,No hay nada que devolver.,Rien à ranger.,Nichts zurückzuräumen.,Nulla da riporre.,Nada para devolver.,Нечего убирать.,돌려놓을 가구가 없습니다.,戻す家具がありません。,没有可收回的家具。
AUTO_FURNITURE_BUSY_RETURN,The room is busy or has changed. Finish moving furniture and try again.,Busy room,La habitación está ocupada o cambió. Termina de mover los muebles y reintenta.,La pièce est occupée ou a changé. Finissez de déplacer les meubles puis réessayez.,Raum belegt oder geändert. Beende das Verschieben der Möbel und versuche es erneut.,La stanza è occupata o cambiata. Finisci di spostare i mobili e riprova.,O cômodo está ocupado ou mudou. Termine de mover os móveis e tente de novo.,Комната занята или изменилась. Завершите перемещение мебели и повторите.,방이 사용 중이거나 변경되었습니다. 가구 이동을 마친 후 다시 시도하세요.,部屋が操作中か変更されています。家具の移動を終えて再試行してください。,房间正在操作中或已改变。请完成家具移动后重试。
AUTO_FURNITURE_RETURNED,Items returned: %1.,Count avoids language-specific plural forms,Muebles devueltos: %1.,Meubles rangés : %1.,Zurückgeräumte Möbel: %1.,Mobili riposti: %1.,Móveis devolvidos: %1.,Убрано предметов: %1.,돌려놓은 가구: %1개.,戻した家具：%1個。,已收回家具：%1 件。
AUTO_FURNITURE_CANNOT_UNDO,"Cannot undo: furniture, campaign, or room state has changed.",Undo refused,No se puede deshacer: cambiaron los muebles o el estado de la partida o habitación.,Annulation impossible : les meubles ou l'état de la partie ou de la pièce ont changé.,Rückgängig nicht möglich: Möbel oder Spiel- bzw. Raumzustand geändert.,Impossibile annullare: mobili o stato della partita o della stanza cambiati.,Não é possível desfazer: os móveis ou o estado da campanha ou cômodo mudaram.,Отмена невозможна: изменились мебель или состояние кампании либо комнаты.,가구 또는 캠페인이나 방 상태가 변경되어 실행을 취소할 수 없습니다.,家具・キャンペーン・部屋の状態が変わったため元に戻せません。,无法撤销：家具、战役或房间状态已改变。
AUTO_FURNITURE_UNDO_FAILED,Could not verify Undo. Stop editing and check your save backup.,Safety warning,No se pudo verificar Deshacer. Deja de editar y revisa la copia de tu partida.,Annulation non vérifiable. Arrêtez les modifications et vérifiez la copie de votre sauvegarde.,Rückgängig nicht überprüfbar. Beende die Bearbeitung und prüfe dein Spielstand-Backup.,Annullamento non verificato. Smetti di modificare e controlla il backup del salvataggio.,Falha ao verificar Desfazer. Pare de editar e confira o backup do jogo salvo.,Не удалось проверить отмену. Прекратите изменения и проверьте резервную копию сохранения.,실행 취소를 확인하지 못했습니다. 편집을 중단하고 저장 파일 백업을 확인하세요.,元に戻せたか確認できません。編集を中止しセーブデータのバックアップを確認してください。,无法验证撤销结果。请停止编辑并检查存档备份。
AUTO_FURNITURE_UNEXPECTED,Furniture changed unexpectedly. Stop editing and check your save backup.,Safety warning,Los muebles cambiaron inesperadamente. Deja de editar y revisa la copia de tu partida.,Changement imprévu des meubles. Arrêtez les modifications et vérifiez la copie de votre sauvegarde.,Möbel unerwartet geändert. Beende die Bearbeitung und prüfe dein Spielstand-Backup.,Mobili cambiati in modo imprevisto. Smetti di modificare e controlla il backup del salvataggio.,Os móveis mudaram inesperadamente. Pare de editar e confira o backup do jogo salvo.,Мебель изменилась неожиданно. Прекратите изменения и проверьте резервную копию сохранения.,가구가 예기치 않게 변경되었습니다. 편집을 중단하고 저장 파일 백업을 확인하세요.,家具が予期せず変わりました。編集を中止しセーブデータのバックアップを確認してください。,家具发生意外变化。请停止编辑并检查存档备份。
AUTO_FURNITURE_ROOM_CHANGED,Room changed. Calculate again.,Stale room,La habitación cambió. Calcula de nuevo.,La pièce a changé. Recalculez.,Raum geändert. Erneut berechnen.,Stanza cambiata. Ricalcola.,O cômodo mudou. Calcule de novo.,Комната изменилась. Повторите расчёт.,방이 변경되었습니다. 다시 계산하세요.,部屋が変わりました。再計算してください。,房间已改变。请重新计算。
